timestamp,user_id,event_type,page_url
2025-08-17T06:18:42,486,VIEW,tag/app
2025-08-13T11:32:27,228,LOGIN,blog/tags
2025-08-23T06:46:52,71,DOWNLOAD,search
2025-08-13T05:38:29,204,VIEW,posts/categories/search
2025-08-08T22:48:39,128,LOGIN,posts/posts
2025-07-27T16:18:18,377,LOGOUT,tags
2025-08-19T15:32:32,266,EXPORT,tag
2025-08-22T16:30:36,61,VIEW,tags/blog
2025-08-08T01:22:24,361,EXPORT,tag
2025-08-05T20:06:23,314,VIEW,main/blog
2025-08-19T06:24:12,103,LOGIN,category/tags/tags
2025-08-02T00:14:56,437,LOGIN,wp-content/list
2025-08-17T08:46:54,89,EXPORT,category/posts
2025-07-30T16:23:51,415,VIEW,posts/explore
2025-08-12T06:53:37,364,LOGIN,app/wp-content
2025-08-22T02:54:25,278,VIEW,list/blog
2025-08-09T23:35:19,436,LOGOUT,search/categories/wp-content
2025-08-03T20:56:40,407,VIEW,blog/wp-content/main
2025-08-20T02:51:26,115,LOGIN,list/tags/list
2025-08-05T04:16:22,406,LOGOUT,explore
2025-08-06T21:55:53,405,EXPORT,categories/category
2025-07-27T16:44:13,185,DOWNLOAD,main/explore
2025-08-23T04:51:55,189,EXPORT,tags/explore
2025-08-22T04:49:44,67,DOWNLOAD,explore/tag
2025-07-30T14:33:43,34,VIEW,search
2025-08-14T18:00:13,368,EXPORT,main/explore/app
2025-08-20T22:35:37,211,EXPORT,explore
2025-08-23T07:55:17,38,LOGOUT,search
2025-08-10T19:28:40,329,LOGIN,tags
2025-08-17T06:22:19,239,DOWNLOAD,posts/main/search
2025-08-12T03:30:09,66,DOWNLOAD,posts
2025-08-23T22:56:03,94,LOGOUT,list/category
2025-08-16T10:09:02,258,LOGIN,explore/wp-content/wp-content
2025-08-01T10:46:19,266,LOGOUT,categories/tags/list
2025-08-10T04:26:40,85,LOGOUT,blog/blog
2025-08-11T02:02:27,479,LOGOUT,posts/search
2025-08-12T05:15:35,486,DOWNLOAD,category/explore
2025-08-09T05:03:14,434,LOGIN,tag
2025-08-07T14:05:24,101,DOWNLOAD,category/explore/main
2025-08-08T17:52:21,65,VIEW,wp-content/categories/main
2025-08-25T05:58:28,274,LOGIN,blog/categories/main
2025-08-19T19:39:14,329,LOGOUT,wp-content/category/blog
2025-08-24T03:37:14,483,DOWNLOAD,posts/wp-content/search
2025-08-02T21:45:47,88,DOWNLOAD,tags
2025-08-24T19:09:06,173,DOWNLOAD,tag/tags/app
2025-07-28T10:06:31,423,LOGIN,app
2025-07-30T08:44:43,24,DOWNLOAD,tag/tags/list
2025-08-08T06:27:37,334,LOGOUT,list/main
2025-08-23T04:42:07,214,DOWNLOAD,category/explore/search
2025-07-27T21:23:58,255,DOWNLOAD,explore/blog
2025-08-09T11:36:20,329,VIEW,tags/tag/posts
2025-08-18T20:47:07,126,EXPORT,categories
2025-08-09T20:38:58,233,LOGIN,list
2025-07-29T07:55:03,81,EXPORT,search/blog
2025-08-15T14:20:53,248,EXPORT,search/categories
2025-08-05T07:49:04,175,DOWNLOAD,explore/main/categories
2025-08-02T09:30:00,161,VIEW,tags/list/explore
2025-08-12T04:29:59,500,EXPORT,explore
2025-08-01T18:28:02,390,VIEW,tags/posts
2025-08-20T10:06:33,288,LOGIN,posts
2025-08-10T21:54:39,124,EXPORT,blog
2025-08-01T08:51:44,137,EXPORT,blog/blog
2025-08-07T10:57:37,73,LOGIN,posts
2025-07-28T21:04:23,149,EXPORT,wp-content
2025-08-25T07:04:50,215,LOGOUT,list
2025-08-03T04:10:38,417,VIEW,blog/search
2025-08-23T11:10:05,370,VIEW,categories
2025-08-04T15:17:11,391,LOGOUT,blog/blog/posts
2025-08-19T14:38:07,264,EXPORT,blog/main
2025-08-19T15:12:39,451,VIEW,wp-content/search
2025-08-19T13:35:32,12,LOGIN,explore
2025-08-14T12:16:27,259,EXPORT,list/tag
2025-08-07T02:34:59,111,DOWNLOAD,category
2025-08-12T13:15:59,25,LOGIN,wp-content/category
2025-08-09T01:55:04,254,DOWNLOAD,tags/category/posts
2025-08-18T06:23:14,147,DOWNLOAD,search/list/app
2025-07-26T19:38:28,434,LOGIN,app/category/wp-content
2025-08-16T08:10:52,69,VIEW,app/search/search
2025-08-13T04:16:32,392,EXPORT,categories/list/explore
2025-08-13T04:27:42,24,EXPORT,list
2025-07-28T21:43:00,292,DOWNLOAD,tag/categories/explore
2025-08-04T20:54:13,186,DOWNLOAD,list
2025-08-09T10:21:33,38,EXPORT,posts
2025-08-19T21:36:50,231,DOWNLOAD,categories/list
2025-08-09T00:00:43,423,DOWNLOAD,list/posts/categories
2025-08-25T02:01:50,61,LOGOUT,app/app
2025-07-31T02:45:21,202,VIEW,list/posts/main
2025-08-11T21:10:36,286,VIEW,explore/main
2025-08-02T10:11:51,102,DOWNLOAD,wp-content/categories/list
2025-08-20T03:17:04,206,DOWNLOAD,wp-content/main
2025-07-28T09:00:51,24,LOGIN,explore/explore/explore
2025-08-02T01:46:22,366,VIEW,posts/posts/explore
2025-08-18T10:03:56,266,EXPORT,categories/category/category
2025-08-02T15:38:32,311,DOWNLOAD,tags
2025-08-02T04:58:13,168,DOWNLOAD,categories
2025-08-10T21:13:41,84,EXPORT,tag
2025-08-25T08:23:20,379,VIEW,tags
2025-08-24T05:51:11,173,DOWNLOAD,blog/list/main
2025-08-20T03:58:25,273,EXPORT,main/tags/list
2025-08-22T17:58:05,154,EXPORT,categories/categories/category
2025-07-27T05:29:50,189,VIEW,tags/search/main
2025-07-31T17:48:44,214,DOWNLOAD,category
2025-08-10T08:35:04,408,LOGIN,tag/tag/app
2025-08-24T09:33:50,243,VIEW,tags
2025-08-23T12:05:07,296,LOGOUT,tag
2025-07-28T21:56:49,299,EXPORT,tag/category/tag
2025-08-03T16:46:29,269,DOWNLOAD,posts/blog
2025-08-13T21:04:03,76,LOGOUT,posts/wp-content/main
2025-07-27T22:53:46,294,LOGIN,blog/categories/wp-content
2025-08-04T16:23:37,10,EXPORT,blog/categories
2025-08-10T15:35:31,215,LOGOUT,category
2025-08-15T11:14:50,354,LOGOUT,wp-content/explore
2025-08-15T08:14:17,257,DOWNLOAD,list
2025-08-18T07:34:26,447,LOGIN,blog/categories
2025-08-02T02:59:29,266,LOGOUT,blog
2025-08-22T15:35:39,167,EXPORT,blog/app
2025-08-20T22:20:20,193,VIEW,main
2025-08-03T19:53:09,236,DOWNLOAD,explore/list
2025-08-12T00:57:13,280,VIEW,search/blog/tag
2025-08-08T06:07:05,313,EXPORT,tags/app/explore
2025-08-04T18:07:04,491,LOGOUT,explore
2025-08-08T23:10:47,286,VIEW,category
2025-08-06T08:06:10,483,VIEW,search
2025-08-09T10:49:41,361,LOGOUT,posts/posts/explore
2025-08-19T03:50:37,163,EXPORT,posts/category
2025-08-12T08:29:56,287,VIEW,app/main
2025-08-09T09:24:46,63,DOWNLOAD,posts
2025-08-21T18:58:37,195,EXPORT,search/explore/blog
2025-08-12T04:13:29,489,LOGOUT,list/tags/wp-content
2025-08-09T12:30:56,22,VIEW,blog/search/blog
2025-07-30T06:11:23,178,EXPORT,posts/category
2025-08-07T20:53:33,383,EXPORT,tags
2025-08-05T19:25:35,104,DOWNLOAD,tags/tags
2025-08-08T14:00:23,478,DOWNLOAD,app/posts
2025-08-08T14:34:33,71,LOGIN,list
2025-08-25T07:25:46,380,DOWNLOAD,wp-content/tags/main
2025-08-07T00:53:51,125,LOGIN,app/categories
2025-08-21T04:49:19,116,LOGOUT,explore
2025-07-28T23:16:13,52,EXPORT,explore/blog
2025-08-11T10:56:01,368,EXPORT,category/categories/search
2025-07-31T07:15:25,349,LOGOUT,search/posts/category
2025-07-26T16:09:02,494,DOWNLOAD,main
2025-08-03T02:07:42,209,EXPORT,list/wp-content/categories
2025-08-18T14:22:54,334,LOGOUT,tags
2025-08-09T08:46:43,165,VIEW,main/wp-content
2025-07-29T07:02:35,465,LOGIN,wp-content/posts
2025-08-23T07:01:39,119,DOWNLOAD,search
2025-07-28T05:34:10,468,LOGOUT,tags/tag
2025-08-15T16:59:06,452,LOGOUT,tags
2025-07-28T04:27:10,429,EXPORT,posts/tags/categories
2025-08-19T11:16:40,96,VIEW,search
2025-07-28T05:45:54,5,VIEW,search/categories/explore
2025-08-22T23:50:14,309,LOGIN,list/search
2025-08-11T16:27:58,146,EXPORT,tag
2025-08-21T19:06:17,269,EXPORT,wp-content/tags
2025-08-01T22:28:05,436,DOWNLOAD,category/explore
2025-08-18T03:23:51,140,LOGOUT,app/wp-content/wp-content
2025-07-31T21:21:24,170,LOGOUT,blog/app/tag
2025-08-17T16:47:16,332,VIEW,posts
2025-08-04T11:03:05,8,VIEW,search/main/categories
2025-08-09T17:50:31,291,LOGOUT,app/blog
2025-08-03T22:34:49,313,EXPORT,categories/app
2025-08-16T04:25:27,264,VIEW,wp-content/explore/category
2025-07-30T15:10:14,206,LOGIN,main
2025-08-04T09:23:58,72,EXPORT,wp-content/category/categories
2025-08-11T03:08:13,480,LOGOUT,posts/main
2025-07-26T18:04:17,134,EXPORT,list
2025-08-06T20:30:57,229,VIEW,posts
2025-08-11T10:09:18,155,DOWNLOAD,app/tags/list
2025-08-23T05:33:51,6,VIEW,tags/search/tags
2025-08-12T21:01:20,355,LOGOUT,list/wp-content
2025-07-29T10:29:38,342,LOGIN,tags/category
2025-08-18T00:20:18,158,LOGOUT,tag/explore/main
2025-08-15T02:27:30,352,DOWNLOAD,list/wp-content/search
2025-08-10T12:25:46,354,LOGIN,wp-content/explore/explore
2025-08-09T17:51:27,189,DOWNLOAD,tag
2025-08-06T03:25:18,113,LOGOUT,app/posts/main
2025-08-18T15:14:10,79,EXPORT,category/list
2025-08-24T19:51:03,192,EXPORT,categories
2025-08-22T02:01:06,468,EXPORT,list
2025-08-21T12:22:02,411,LOGOUT,wp-content/category
2025-08-07T10:25:55,349,DOWNLOAD,tag/tag
2025-07-30T09:29:58,270,EXPORT,tag/category
2025-08-21T01:28:48,361,VIEW,category/blog/wp-content
2025-07-30T05:06:36,470,DOWNLOAD,explore
2025-07-31T20:50:47,32,DOWNLOAD,posts
2025-08-19T23:02:56,104,DOWNLOAD,explore
2025-08-21T11:22:05,77,LOGOUT,posts/category/tag
2025-08-11T08:23:55,438,DOWNLOAD,category/search
2025-08-16T20:53:43,60,LOGOUT,main/main
2025-08-23T17:31:48,251,LOGIN,tag/list/explore
2025-08-20T04:44:39,229,LOGIN,category/wp-content/category
2025-08-17T10:24:02,68,DOWNLOAD,list
2025-08-15T14:07:06,234,DOWNLOAD,explore/tag
2025-07-29T05:22:55,287,EXPORT,app/wp-content
2025-08-10T09:09:26,371,LOGIN,blog/search/blog
2025-08-14T15:25:39,131,LOGIN,posts/tags/categories
2025-08-05T23:59:14,297,LOGIN,wp-content
2025-07-28T14:52:49,217,VIEW,search/wp-content
2025-07-29T12:23:58,278,LOGIN,main/explore/search
2025-07-29T18:31:37,479,EXPORT,categories/tags/app
2025-07-27T23:05:15,147,EXPORT,main
2025-08-04T03:48:26,394,LOGOUT,app
2025-08-15T19:52:15,192,EXPORT,app
2025-08-17T04:41:51,446,EXPORT,list/search
2025-08-13T15:46:21,42,DOWNLOAD,wp-content/main
2025-08-01T21:03:29,335,VIEW,category
2025-08-01T04:19:53,92,DOWNLOAD,tag
2025-08-14T12:03:37,271,LOGOUT,list/tags/posts
2025-08-06T05:34:00,428,LOGIN,category/wp-content
2025-07-27T12:36:08,153,EXPORT,main/categories
2025-08-21T20:26:19,218,DOWNLOAD,wp-content
2025-08-13T20:00:10,422,LOGOUT,main/list
2025-08-07T10:29:10,236,VIEW,main/categories
2025-08-02T22:50:36,142,LOGOUT,blog/search
2025-07-31T21:35:14,17,EXPORT,main
2025-08-25T06:33:04,393,LOGIN,explore/list/main
2025-08-07T02:30:37,106,LOGIN,wp-content
2025-07-31T07:40:01,305,LOGIN,tag/tag
2025-08-17T02:15:19,307,LOGIN,posts
2025-08-07T07:14:59,380,LOGIN,explore/category/tag
2025-08-14T22:47:13,225,LOGOUT,wp-content/list/explore
2025-08-21T14:58:46,112,LOGIN,categories/list/explore
2025-08-02T05:23:01,258,VIEW,app/main
2025-08-06T18:55:54,418,DOWNLOAD,blog/explore
2025-08-10T21:39:49,296,DOWNLOAD,list
2025-08-10T23:42:56,122,VIEW,list
2025-08-02T09:01:27,339,DOWNLOAD,search/posts
2025-08-06T03:38:50,212,VIEW,tag
2025-08-08T18:41:29,32,DOWNLOAD,explore/tag/tags
2025-08-24T03:27:21,451,LOGOUT,tag/wp-content/list
2025-08-16T03:50:19,285,EXPORT,blog
2025-07-28T16:44:16,498,VIEW,explore/list
2025-08-13T22:11:28,403,DOWNLOAD,tags
2025-08-10T21:27:59,357,EXPORT,list/app
2025-08-15T05:46:13,77,VIEW,explore
2025-08-13T16:43:18,95,DOWNLOAD,search/explore
2025-08-18T09:48:11,124,LOGOUT,app/blog
2025-08-10T00:29:49,440,LOGOUT,tag/app/categories
2025-08-17T21:34:38,469,LOGIN,posts
2025-08-22T17:20:27,212,EXPORT,explore
2025-08-22T11:24:00,272,LOGOUT,app/category/list
2025-08-14T06:39:17,125,VIEW,category/blog
2025-08-05T07:01:06,170,LOGIN,blog/category
2025-08-17T06:09:12,434,VIEW,list/posts/category
2025-07-30T21:50:32,275,LOGOUT,main/category
2025-07-28T22:09:30,138,EXPORT,categories/tag
2025-08-24T18:57:15,309,LOGIN,app/tag
2025-07-29T22:54:49,97,DOWNLOAD,main/tags/search
2025-08-22T13:13:18,112,EXPORT,list/app/main
2025-08-05T13:29:14,446,VIEW,search
2025-08-10T03:21:12,490,LOGIN,wp-content
2025-08-05T16:53:16,480,LOGOUT,app/categories
2025-08-01T02:47:49,383,EXPORT,main
2025-08-07T04:45:19,357,DOWNLOAD,app
2025-08-05T08:23:20,204,LOGOUT,app/posts/list
2025-08-22T05:19:58,165,VIEW,app/categories/explore
2025-08-13T21:37:01,239,DOWNLOAD,tags/search
2025-08-12T20:40:53,158,VIEW,main/main/blog
2025-08-12T21:07:48,263,EXPORT,explore
2025-08-18T01:02:52,51,EXPORT,wp-content
2025-08-10T23:12:45,469,LOGOUT,explore
2025-08-13T10:00:59,161,EXPORT,app
2025-07-28T15:22:34,289,LOGOUT,posts/wp-content
2025-08-02T12:07:34,9,VIEW,explore
2025-08-22T06:46:06,479,DOWNLOAD,categories
2025-08-23T12:51:51,369,EXPORT,tags/wp-content
2025-08-09T18:02:16,79,LOGOUT,explore
2025-08-11T10:26:05,118,EXPORT,tags/wp-content
2025-08-23T01:58:00,427,LOGOUT,blog/tags
2025-08-19T15:50:32,282,VIEW,tags
2025-08-07T21:55:16,391,EXPORT,blog
2025-08-19T05:41:57,236,LOGOUT,main
2025-08-12T12:25:43,87,LOGOUT,search
2025-08-21T22:53:11,251,LOGOUT,main/categories
2025-08-21T17:44:56,329,LOGIN,explore
2025-08-20T20:33:12,18,LOGIN,explore
2025-07-28T18:38:14,392,LOGIN,search
2025-08-15T10:35:08,71,LOGOUT,tag
2025-07-29T17:18:08,363,LOGOUT,wp-content
2025-07-26T20:45:52,112,DOWNLOAD,tags/tags
2025-08-17T13:24:13,192,LOGIN,category/tags/wp-content
2025-08-25T09:56:38,327,DOWNLOAD,posts/blog
2025-08-18T21:05:15,338,EXPORT,app/list/blog
2025-07-27T04:26:33,4,DOWNLOAD,posts/app
2025-08-22T04:49:30,211,LOGIN,tags
2025-07-27T05:36:04,272,VIEW,list/app
2025-08-21T10:17:38,147,LOGIN,app/posts
2025-08-19T19:14:16,417,EXPORT,tag/explore/blog
2025-08-04T02:58:29,55,LOGIN,tags/list
2025-08-20T21:04:01,77,LOGOUT,blog/tags
2025-08-04T17:43:51,318,DOWNLOAD,posts
2025-08-07T16:12:08,418,VIEW,blog/search
2025-08-08T09:34:11,408,EXPORT,blog/tag
2025-07-30T06:10:40,192,EXPORT,search/tag
2025-08-17T16:53:06,290,LOGOUT,explore/wp-content/tags
2025-08-06T09:15:23,154,LOGIN,explore
2025-07-27T23:01:44,48,EXPORT,category/list
2025-08-13T19:59:18,194,DOWNLOAD,explore/list
2025-08-18T12:42:00,29,LOGIN,tag/list
2025-08-03T17:47:24,43,EXPORT,main/blog
2025-08-16T11:39:18,331,VIEW,tag/app
2025-08-22T21:23:04,440,LOGIN,tag
2025-08-21T01:27:50,471,LOGIN,explore/tags
2025-08-06T13:48:40,109,DOWNLOAD,category/tag
2025-08-18T12:06:42,139,LOGIN,list/main/explore
2025-07-30T00:44:08,351,VIEW,main
2025-08-21T18:47:25,289,LOGIN,categories
2025-08-04T03:04:37,476,VIEW,main/category
2025-07-27T04:21:24,493,LOGOUT,tags
2025-08-23T22:03:37,74,EXPORT,main/posts
2025-07-30T03:45:09,154,LOGOUT,search/wp-content/tags
2025-08-22T19:10:22,124,DOWNLOAD,tag/explore
2025-08-14T07:30:51,347,DOWNLOAD,tags
2025-08-11T12:36:25,197,LOGOUT,app/explore/app
2025-07-30T05:29:19,257,VIEW,blog/tags
2025-07-29T00:40:29,51,EXPORT,search
2025-08-06T16:34:52,430,LOGIN,explore/posts/category
2025-08-11T22:55:59,310,DOWNLOAD,category
2025-08-24T08:02:53,204,VIEW,main/tags/blog
2025-07-27T20:37:49,325,VIEW,tags/tags
2025-08-17T07:02:34,252,LOGOUT,search/blog/posts
2025-08-12T16:39:50,284,EXPORT,tag
2025-08-16T09:15:11,96,DOWNLOAD,explore/app/tag
2025-08-13T20:55:50,44,DOWNLOAD,wp-content/explore
2025-08-09T18:15:21,409,LOGOUT,wp-content/list/search
2025-07-29T23:45:19,43,VIEW,posts/categories
2025-08-02T21:47:39,195,LOGOUT,posts/blog/list
2025-08-14T08:03:23,163,VIEW,posts/categories
2025-07-31T14:15:16,47,LOGIN,explore
2025-08-10T09:16:17,228,VIEW,tags/posts/wp-content
2025-08-08T12:24:52,53,LOGOUT,tag/app/categories
2025-07-30T15:49:21,96,EXPORT,categories
2025-08-17T05:03:16,286,DOWNLOAD,posts
2025-08-20T07:09:02,209,LOGIN,app/tag
2025-07-27T16:42:40,46,VIEW,list/explore/blog
2025-08-22T07:49:36,48,DOWNLOAD,tags
2025-08-24T10:53:07,402,VIEW,posts/posts
2025-08-14T02:56:54,7,VIEW,blog/category
2025-08-15T12:14:15,199,LOGIN,tags
2025-08-22T14:01:16,464,LOGOUT,search
2025-08-23T04:29:45,267,LOGOUT,app/category/tags
2025-08-13T21:41:55,87,LOGOUT,main/search/search
2025-08-08T11:25:37,155,VIEW,tags/categories
2025-08-19T08:38:41,75,LOGIN,wp-content/explore/tags
2025-08-03T12:55:28,223,VIEW,blog/blog
2025-08-15T20:44:01,154,EXPORT,blog
2025-07-30T03:44:01,185,VIEW,search/posts/tag
2025-08-07T09:24:43,370,EXPORT,category
2025-08-24T05:56:54,316,LOGOUT,wp-content/search
2025-08-17T15:33:40,55,LOGOUT,list
2025-08-10T05:03:58,4,EXPORT,posts/app/tag
2025-08-11T13:10:29,431,DOWNLOAD,tags
2025-08-13T20:43:03,412,VIEW,category/main/tag
2025-08-16T19:00:38,172,EXPORT,main/search
2025-08-24T06:37:54,70,VIEW,wp-content/tags
2025-08-10T23:42:57,309,LOGOUT,main/main
2025-08-18T16:12:02,161,LOGOUT,main
2025-08-14T18:05:47,496,VIEW,tag
2025-08-09T13:40:32,377,EXPORT,tag/main/posts
2025-08-23T09:03:42,401,LOGOUT,categories/tags
2025-08-11T05:47:55,193,VIEW,search/wp-content/tags
2025-08-14T11:54:59,187,LOGIN,list
2025-08-22T19:02:50,103,DOWNLOAD,search/posts
2025-08-21T21:49:04,93,DOWNLOAD,blog
2025-07-27T17:28:24,488,EXPORT,explore
2025-08-05T14:22:19,225,VIEW,blog/tag/explore
2025-07-29T18:41:22,420,EXPORT,wp-content
2025-08-19T15:50:39,72,VIEW,blog
2025-08-07T04:05:20,130,LOGOUT,explore
2025-08-15T23:05:37,405,EXPORT,main
2025-07-30T00:17:22,230,DOWNLOAD,explore/category
2025-08-18T16:27:46,299,EXPORT,category/app
2025-08-21T08:41:49,260,EXPORT,categories/categories
2025-08-21T19:30:23,19,VIEW,posts/blog/categories
2025-08-21T11:39:16,305,LOGIN,search
2025-07-31T17:32:18,394,LOGOUT,main/posts
2025-08-12T15:43:44,86,DOWNLOAD,wp-content/app
2025-07-28T13:43:23,289,EXPORT,categories/app/list
2025-08-11T12:27:07,495,EXPORT,tags
2025-07-31T13:32:53,6,LOGIN,app
2025-08-07T23:33:57,114,DOWNLOAD,search
2025-08-20T14:33:25,286,DOWNLOAD,wp-content
2025-08-23T08:18:42,114,EXPORT,search/category/tags
2025-08-13T13:59:41,201,EXPORT,app/posts
2025-08-23T23:52:15,354,DOWNLOAD,app/blog
2025-08-02T17:44:40,177,LOGIN,categories/app
2025-08-18T20:34:58,54,VIEW,app/wp-content/tag
2025-08-15T14:45:37,472,LOGIN,blog/categories
2025-08-01T01:20:40,426,LOGOUT,categories/posts
2025-08-12T07:56:46,160,VIEW,wp-content/categories
2025-08-17T12:36:53,402,LOGOUT,blog/search/categories
2025-08-20T17:15:24,248,VIEW,category/list/posts
2025-08-18T12:53:00,50,EXPORT,category/search
2025-08-17T09:15:11,164,LOGIN,category/tags
2025-08-09T23:56:48,23,LOGIN,app/tags
2025-07-27T12:25:38,435,VIEW,blog/posts/wp-content
2025-07-31T17:31:50,347,LOGOUT,app
2025-08-07T06:17:35,265,LOGOUT,posts/blog
2025-08-22T05:08:09,82,VIEW,search
2025-08-22T14:23:06,219,EXPORT,blog/search/blog
2025-08-06T16:14:42,409,EXPORT,posts
2025-08-04T09:00:56,96,EXPORT,category/app
2025-08-14T15:00:02,15,DOWNLOAD,wp-content/list/list
2025-08-05T00:00:48,231,DOWNLOAD,blog
2025-08-16T06:34:45,200,LOGIN,category
2025-08-05T20:22:10,106,VIEW,search
2025-07-29T11:00:21,296,LOGIN,tag
2025-08-21T11:38:05,96,VIEW,tags
2025-08-11T05:54:49,101,EXPORT,category/search/explore
2025-07-31T22:52:51,135,EXPORT,posts/explore/tag
2025-08-21T00:56:47,495,VIEW,search/explore/list
2025-08-24T09:38:07,199,DOWNLOAD,main
2025-08-14T11:27:38,301,LOGIN,main/app/app
2025-08-12T07:28:31,181,EXPORT,app
2025-08-25T09:23:36,89,VIEW,explore/search
2025-08-25T06:02:24,303,LOGIN,blog/explore
2025-08-01T22:10:27,161,LOGIN,app
2025-08-07T00:04:16,157,LOGIN,wp-content/wp-content
2025-08-04T07:22:34,192,LOGOUT,blog/category
2025-08-20T05:16:04,199,EXPORT,tag/app
2025-08-24T09:00:01,71,DOWNLOAD,main
2025-08-14T01:10:06,217,LOGOUT,main/tag
2025-08-19T01:07:32,326,DOWNLOAD,main
2025-08-03T19:56:49,285,LOGOUT,blog/blog/app
2025-08-19T04:35:17,148,LOGOUT,wp-content/main
2025-08-04T12:05:58,162,EXPORT,wp-content/list/categories
2025-07-29T00:34:31,444,VIEW,search/app/categories
2025-07-26T21:16:45,249,LOGOUT,explore
2025-08-04T21:27:18,418,EXPORT,main/app/blog
2025-08-22T16:24:15,259,EXPORT,app
2025-08-15T06:47:23,351,EXPORT,tag/tag
2025-08-15T14:21:30,364,EXPORT,app
2025-08-19T03:29:24,86,LOGIN,list/tags/explore
2025-08-22T20:51:00,16,LOGOUT,blog/blog
2025-08-09T14:25:23,17,VIEW,category
2025-08-06T08:04:31,276,VIEW,list
2025-08-03T14:05:29,400,EXPORT,explore/wp-content
2025-08-22T21:08:39,381,EXPORT,tag/app/tags
2025-08-22T02:35:28,262,LOGIN,list/tag/explore
2025-08-23T05:22:26,59,VIEW,posts/blog
2025-08-21T18:52:42,422,VIEW,app/category/tags
2025-08-21T17:38:24,422,LOGIN,posts/categories
2025-08-16T20:20:35,280,LOGOUT,tags/category
2025-08-16T01:27:18,53,LOGOUT,categories/search/tags
2025-08-09T20:58:11,448,LOGIN,wp-content/category
2025-08-17T06:05:24,135,VIEW,explore/posts
2025-07-30T15:27:23,225,LOGIN,list
2025-08-06T22:10:33,108,DOWNLOAD,blog/category
2025-08-12T10:37:42,441,DOWNLOAD,main/search
2025-08-16T04:57:52,85,DOWNLOAD,tag
2025-08-02T04:20:03,402,LOGOUT,tags/tag
2025-08-05T11:13:10,413,LOGIN,list/main/app
2025-08-23T02:17:55,180,DOWNLOAD,explore/explore/main
2025-08-09T01:36:06,306,DOWNLOAD,categories/posts
2025-08-03T14:17:15,166,VIEW,posts
2025-08-09T11:12:41,294,VIEW,search
2025-08-20T09:27:02,461,LOGIN,category/posts/list
2025-08-02T00:05:11,493,EXPORT,categories/categories/categories
2025-07-29T07:11:13,142,LOGOUT,explore/tags
2025-08-01T20:42:35,128,LOGOUT,explore
2025-08-11T01:23:01,425,LOGOUT,list
2025-08-14T11:38:36,251,LOGOUT,posts/tag/search
2025-08-23T10:51:48,324,VIEW,categories/category
2025-08-15T12:43:15,193,EXPORT,posts/wp-content/category
2025-07-30T02:05:48,325,LOGIN,blog/explore
2025-08-14T23:28:08,264,VIEW,list
2025-08-13T08:06:46,233,EXPORT,tag/list/list
2025-08-11T07:26:00,298,LOGIN,explore
2025-07-30T22:37:54,375,EXPORT,blog
2025-08-12T19:28:25,436,LOGIN,tags
2025-08-21T08:45:48,204,LOGOUT,main
2025-08-16T06:41:03,423,LOGOUT,explore/wp-content/category
2025-08-19T10:29:54,138,VIEW,blog
2025-08-09T04:31:25,173,DOWNLOAD,main/posts/app
2025-08-23T11:27:19,67,DOWNLOAD,category
2025-08-18T23:34:24,404,VIEW,search
2025-07-28T18:30:53,24,LOGIN,list
2025-08-17T17:33:55,9,LOGIN,main
2025-08-03T02:10:40,226,EXPORT,tag/main
2025-07-26T10:54:05,491,EXPORT,tags/app
2025-08-05T05:49:54,353,LOGOUT,search/category/wp-content
2025-08-10T01:48:45,82,VIEW,tags/explore
2025-07-30T22:51:46,336,VIEW,tags/app/tag
2025-08-07T13:50:18,43,VIEW,tags
2025-08-03T10:57:52,27,EXPORT,category/search
2025-08-10T06:03:28,372,LOGOUT,list/category
2025-08-16T06:12:15,336,LOGIN,posts/tag/tags
2025-07-31T01:00:39,1,LOGOUT,explore/blog
2025-08-18T13:38:02,40,LOGOUT,categories
2025-08-24T05:48:02,116,DOWNLOAD,tags
2025-08-17T00:39:15,5,LOGIN,tags
2025-08-12T02:24:24,419,LOGIN,categories/app
2025-08-15T22:08:43,356,LOGOUT,posts/tags/main
2025-08-18T14:40:30,37,LOGOUT,blog/wp-content
2025-08-14T00:25:21,46,LOGIN,app/search
2025-07-31T10:21:08,161,VIEW,list/wp-content/category
2025-08-09T22:46:17,71,EXPORT,list
2025-08-01T21:14:25,329,LOGOUT,posts
2025-07-29T17:49:09,272,DOWNLOAD,posts/explore/tag
2025-07-26T19:59:15,313,LOGOUT,wp-content/search/categories
2025-08-16T18:52:00,180,LOGOUT,tags/app/tags
2025-08-02T18:28:39,471,EXPORT,categories/wp-content/tag
2025-08-25T07:53:40,352,EXPORT,app
2025-08-05T23:13:20,45,LOGIN,tags/tag
2025-08-02T05:14:27,386,LOGIN,main/list/wp-content
2025-08-24T01:01:02,374,EXPORT,wp-content/category
2025-08-12T11:40:57,494,EXPORT,posts/list/posts
2025-08-10T16:32:13,406,LOGOUT,category
2025-08-07T10:48:21,142,LOGIN,search
2025-08-07T11:14:57,284,DOWNLOAD,list/tags
2025-08-24T13:10:25,370,DOWNLOAD,wp-content/tag
2025-08-09T06:04:14,399,LOGIN,explore/main/main
2025-08-10T01:33:39,106,DOWNLOAD,explore
2025-08-24T21:14:05,261,LOGOUT,categories/tag/category
2025-08-14T10:32:12,152,LOGIN,tag/blog/list
2025-08-07T00:57:59,254,EXPORT,tags/main
2025-07-31T21:28:11,124,EXPORT,app/tag
2025-08-24T06:05:32,37,DOWNLOAD,tag/app/search
2025-07-27T00:10:22,185,VIEW,category/category/explore
2025-08-01T19:53:06,199,DOWNLOAD,main
2025-08-15T20:27:19,188,DOWNLOAD,wp-content
2025-08-03T19:24:21,391,EXPORT,posts
2025-07-29T23:09:19,9,DOWNLOAD,list
2025-07-29T16:47:42,8,VIEW,tags
2025-08-05T21:28:21,21,LOGIN,explore/category/search
2025-08-14T17:47:18,260,VIEW,list
2025-08-19T17:52:41,393,EXPORT,posts
2025-08-15T23:36:53,360,EXPORT,main/app
2025-07-30T10:08:57,328,DOWNLOAD,wp-content
2025-08-21T12:31:40,316,LOGOUT,main/blog
2025-08-08T21:23:14,43,VIEW,tag
2025-07-30T06:10:50,262,LOGOUT,blog
2025-08-02T23:08:28,275,VIEW,main
2025-08-14T09:20:56,301,LOGIN,tags/tags/app
2025-08-10T11:29:15,358,EXPORT,tag
2025-08-07T00:08:47,30,LOGOUT,tags
2025-07-30T14:33:32,474,EXPORT,search
2025-08-01T01:14:52,233,DOWNLOAD,tag/tag/main
2025-08-24T23:27:18,29,VIEW,categories/tags
2025-08-03T22:45:22,62,LOGIN,wp-content
2025-08-02T01:58:37,360,LOGIN,main/categories/list
2025-08-03T08:59:33,255,VIEW,tags
2025-08-20T19:27:33,265,VIEW,explore/app/main
2025-08-03T12:38:23,191,LOGOUT,posts/list/category
2025-08-08T11:14:49,376,LOGIN,category
2025-07-27T20:18:59,172,EXPORT,app/tag
2025-08-08T14:59:39,269,LOGIN,posts/app
2025-08-08T04:28:20,365,DOWNLOAD,blog/category/tag
2025-07-30T03:54:25,255,EXPORT,explore
2025-08-20T05:13:04,185,LOGIN,tags
2025-08-19T16:12:06,440,DOWNLOAD,explore/categories/category
2025-08-03T12:32:41,189,LOGOUT,main/tags/search
2025-08-07T19:20:44,396,LOGIN,categories
2025-08-23T06:46:12,346,LOGIN,app/app/main
2025-08-06T12:13:27,380,DOWNLOAD,list
2025-07-26T13:06:23,23,LOGIN,tag
2025-08-07T07:02:13,24,EXPORT,category/tag
2025-08-13T02:10:38,197,LOGOUT,search/categories
2025-08-04T02:37:06,477,LOGIN,explore/list
2025-08-22T06:14:52,412,EXPORT,categories/category
2025-08-06T07:41:35,165,LOGOUT,tags/categories/blog
2025-08-15T15:05:16,469,VIEW,tags/categories/tag
2025-08-08T14:09:08,423,LOGIN,explore
2025-08-23T04:00:05,191,LOGIN,explore/categories
2025-08-19T19:02:02,345,LOGIN,tags/search/search
2025-08-04T03:03:54,115,DOWNLOAD,list/tags
2025-07-28T15:37:28,489,EXPORT,tag
2025-07-29T18:25:08,450,EXPORT,list/categories
2025-08-09T03:01:30,397,VIEW,explore/wp-content
2025-08-11T07:26:49,45,DOWNLOAD,categories/category
2025-08-17T14:15:42,5,VIEW,tags/blog
2025-08-05T03:54:45,150,DOWNLOAD,posts
2025-08-10T04:11:38,379,DOWNLOAD,explore
2025-08-07T04:44:41,238,VIEW,wp-content/blog
2025-08-24T03:29:01,498,EXPORT,categories/search/posts
2025-08-04T21:47:51,376,DOWNLOAD,categories/main/blog
2025-08-07T07:42:26,78,LOGIN,tags/wp-content
2025-08-15T07:50:26,13,LOGOUT,posts/wp-content/tags
2025-08-21T17:03:35,178,LOGIN,category/category
2025-08-11T16:26:14,1,EXPORT,search/categories/categories
2025-08-10T08:23:23,54,LOGOUT,category
2025-08-21T03:23:33,122,EXPORT,app/main/category
2025-08-19T07:22:08,493,LOGIN,explore/app/wp-content
2025-08-02T07:59:27,365,VIEW,explore/tag
2025-07-30T22:29:52,23,LOGOUT,tags/search/categories
2025-08-20T15:40:38,212,VIEW,category
2025-08-17T16:15:22,499,LOGIN,categories
2025-08-23T14:45:38,49,DOWNLOAD,explore/tags/tag
2025-08-01T21:40:07,327,EXPORT,search/main
2025-07-30T01:17:51,304,DOWNLOAD,tag
2025-07-29T10:40:43,223,LOGOUT,app
2025-08-06T21:58:22,150,VIEW,category
2025-08-10T17:07:33,475,EXPORT,blog
2025-08-11T06:13:28,163,EXPORT,search/posts/explore
2025-08-08T14:57:55,120,LOGIN,tag/app/tags
2025-08-05T06:17:28,70,DOWNLOAD,app
2025-07-31T17:04:35,80,LOGIN,tag
2025-08-03T09:37:28,231,EXPORT,blog/search/wp-content
2025-08-10T15:59:21,209,LOGIN,posts
2025-08-21T10:30:40,184,LOGOUT,categories/search/categories
2025-08-17T08:38:07,158,EXPORT,wp-content
2025-08-08T06:52:13,437,LOGIN,blog
2025-07-30T19:27:42,81,VIEW,search/wp-content/posts
2025-08-24T17:00:44,21,LOGOUT,wp-content/tags
2025-08-11T08:01:16,76,LOGIN,main
2025-08-07T11:18:35,496,VIEW,blog/explore/search
2025-08-14T15:46:19,263,LOGIN,main/wp-content
2025-08-09T22:17:18,134,LOGOUT,wp-content/tag
2025-07-27T22:19:37,488,EXPORT,wp-content
2025-08-17T08:57:59,285,DOWNLOAD,category
2025-08-07T13:12:47,49,EXPORT,app
2025-07-31T08:50:40,412,LOGOUT,list
2025-08-01T07:37:01,7,LOGIN,tag/list
2025-08-06T05:05:54,67,LOGOUT,tag/wp-content
2025-08-14T20:49:31,191,LOGIN,categories
2025-08-23T16:34:13,301,VIEW,tag/main/list
2025-07-30T01:28:49,12,LOGIN,posts/app/posts
2025-08-05T00:30:35,463,EXPORT,list
2025-08-01T16:10:00,48,VIEW,tag/list
2025-08-01T08:52:08,22,EXPORT,search/tag
2025-07-28T21:06:39,87,DOWNLOAD,category/tag/wp-content
2025-08-16T10:46:39,421,EXPORT,explore
2025-08-19T12:08:34,16,EXPORT,posts
2025-08-16T03:12:48,89,VIEW,blog/wp-content/category
2025-08-05T20:16:34,466,LOGOUT,tag
2025-08-08T18:29:27,144,EXPORT,category/wp-content
2025-08-02T15:16:55,18,DOWNLOAD,list/category
2025-08-25T08:56:39,126,VIEW,explore/blog
2025-08-19T15:21:53,211,DOWNLOAD,wp-content/blog/tag
2025-08-18T16:13:31,32,LOGIN,categories
2025-08-09T00:04:35,197,LOGOUT,category/category/tag
2025-08-15T18:33:28,103,DOWNLOAD,tag/tag/tag
2025-08-07T12:23:31,323,DOWNLOAD,wp-content/category
2025-07-27T08:52:04,196,VIEW,tag/wp-content
2025-08-18T16:59:12,279,EXPORT,tags/tags/posts
2025-08-12T02:56:33,468,DOWNLOAD,categories
2025-08-19T19:26:40,165,EXPORT,app/wp-content
2025-08-08T13:11:39,93,LOGIN,list/main/blog
2025-08-10T21:37:59,306,LOGOUT,category
2025-07-27T20:15:17,459,VIEW,blog
2025-07-29T06:22:39,415,EXPORT,tag/search
2025-08-21T02:56:49,184,DOWNLOAD,search/list
2025-08-06T17:18:05,499,LOGOUT,categories
2025-07-31T06:46:43,127,LOGOUT,main/app
2025-08-08T08:38:25,274,LOGIN,posts
2025-08-06T01:44:48,295,EXPORT,posts
2025-08-12T15:29:28,479,LOGOUT,posts/list/list
2025-08-03T23:17:08,122,DOWNLOAD,wp-content/categories/explore
2025-08-10T20:36:56,413,VIEW,search
2025-08-24T03:20:02,15,VIEW,search
2025-08-22T23:28:32,289,LOGOUT,blog/app/main
2025-08-22T18:10:59,486,LOGOUT,blog
2025-08-19T07:35:58,278,VIEW,tags
2025-08-03T22:39:08,252,LOGIN,posts/blog/main
2025-07-30T19:16:16,29,LOGOUT,search
2025-08-24T15:06:06,113,LOGIN,tag
2025-08-20T23:28:15,245,LOGIN,category
2025-08-11T12:36:43,470,DOWNLOAD,posts/categories/list
2025-08-05T04:50:12,413,LOGOUT,main/app
2025-08-11T23:07:37,368,LOGOUT,wp-content
2025-08-11T03:07:19,31,LOGIN,posts
2025-08-02T14:12:39,301,LOGOUT,categories/search
2025-07-31T19:20:44,434,DOWNLOAD,tags
2025-08-13T03:14:28,492,LOGIN,explore
2025-08-13T13:22:43,361,EXPORT,explore
2025-08-23T20:52:22,52,VIEW,wp-content
2025-08-10T01:41:44,166,LOGOUT,tags/app/explore
2025-08-03T01:37:09,375,EXPORT,app
2025-08-19T01:44:34,333,VIEW,tag/posts
2025-08-03T21:04:28,363,DOWNLOAD,posts/categories/blog
2025-08-25T05:08:12,403,VIEW,tag/tags/categories
2025-08-06T06:12:14,341,DOWNLOAD,categories/list/category
2025-08-03T22:24:48,194,VIEW,categories/category
2025-08-09T17:15:04,66,LOGOUT,list/main/app
2025-07-26T12:12:30,486,DOWNLOAD,posts
2025-08-14T10:21:45,436,DOWNLOAD,list/main
2025-07-27T23:50:33,94,DOWNLOAD,category/search
2025-08-10T20:51:48,472,DOWNLOAD,tag
2025-08-06T03:28:31,328,DOWNLOAD,wp-content/app
2025-07-31T11:24:39,480,EXPORT,posts/posts
2025-08-02T05:58:31,170,LOGIN,list/posts
2025-08-06T23:23:57,178,VIEW,main/posts/category
2025-08-03T13:43:00,326,LOGIN,app
2025-08-11T17:17:25,229,LOGIN,tags
2025-08-08T07:06:31,108,LOGOUT,tag/tag
2025-07-29T17:06:01,180,VIEW,category/wp-content
2025-07-31T15:58:59,369,LOGIN,categories
2025-07-28T18:12:35,198,EXPORT,search
2025-08-15T19:02:43,497,LOGOUT,list
2025-08-15T12:28:52,253,EXPORT,category
2025-08-12T11:19:40,280,EXPORT,app/tag
2025-07-31T08:17:12,425,EXPORT,list/list
2025-08-23T11:35:50,334,LOGOUT,posts
2025-08-03T07:37:20,232,LOGIN,category/categories
2025-07-28T01:02:33,151,LOGIN,app/explore
2025-08-10T21:26:45,134,LOGIN,app/search
2025-07-30T00:33:49,176,LOGOUT,explore/main
2025-08-13T15:33:14,83,LOGIN,wp-content
2025-08-21T23:28:08,483,LOGIN,blog/search/app
2025-08-11T19:51:17,305,DOWNLOAD,list
2025-08-18T20:32:34,361,LOGIN,category/tag/category
2025-08-16T08:38:31,483,LOGOUT,tag/tags/search
2025-08-24T21:41:24,456,EXPORT,blog
2025-08-03T01:09:11,28,LOGIN,main/tag/tag
2025-08-11T11:52:01,106,LOGOUT,app/posts/blog
2025-08-15T06:57:34,357,DOWNLOAD,categories/explore/main
2025-08-21T15:24:20,136,VIEW,search/blog
2025-08-09T20:36:38,122,LOGIN,blog/search/main
2025-07-28T19:56:36,202,DOWNLOAD,main
2025-08-22T02:31:02,431,EXPORT,category/category/app
2025-08-02T21:03:32,28,VIEW,app/main
2025-07-26T14:33:33,219,LOGIN,categories/tag
2025-08-09T17:17:19,422,DOWNLOAD,categories
2025-08-18T17:44:13,103,LOGIN,categories/explore/wp-content
2025-07-27T16:05:53,106,LOGOUT,wp-content
2025-08-09T14:05:55,42,EXPORT,category
2025-08-01T00:41:29,158,EXPORT,tag/app/tag
2025-08-18T06:48:14,251,VIEW,list
2025-07-30T20:17:45,329,DOWNLOAD,main/blog
2025-08-14T05:36:56,95,VIEW,tags/explore
2025-08-13T22:31:47,190,LOGOUT,explore/search
2025-08-17T01:28:47,23,VIEW,categories/list/blog
2025-08-16T18:26:55,239,VIEW,tags/categories/blog
2025-08-06T09:42:18,429,VIEW,tags/blog/posts
2025-08-22T19:30:31,32,LOGOUT,search
2025-07-31T02:46:50,44,VIEW,categories
2025-08-21T16:56:51,212,DOWNLOAD,search/explore
2025-08-06T11:11:07,284,LOGIN,tag/blog
2025-08-14T05:07:30,420,DOWNLOAD,app/tags
2025-08-15T17:51:20,495,DOWNLOAD,main/main
2025-08-18T11:19:27,294,LOGOUT,search
2025-08-18T12:59:58,154,LOGIN,tags
2025-08-14T14:05:39,463,LOGIN,main
2025-08-19T19:06:16,293,DOWNLOAD,categories/category/blog
2025-08-23T03:56:33,347,DOWNLOAD,categories/search
2025-08-02T13:54:10,62,EXPORT,wp-content
2025-08-03T19:31:56,486,LOGOUT,tag/explore/app
2025-08-05T16:59:01,414,LOGOUT,explore/app
2025-08-01T13:07:52,22,EXPORT,posts/main
2025-07-30T05:25:11,350,EXPORT,explore/category
2025-08-05T05:22:00,422,LOGOUT,main/wp-content
2025-08-24T07:23:40,133,VIEW,explore/category
2025-07-29T16:11:18,45,EXPORT,categories
2025-08-22T10:19:30,204,DOWNLOAD,list/search
2025-08-11T06:04:44,439,VIEW,posts/category/tags
2025-08-20T15:35:40,235,LOGIN,category/app/app
2025-08-23T22:41:22,268,EXPORT,app/categories/tag
2025-07-31T21:12:28,213,LOGOUT,explore
2025-08-02T14:46:44,291,DOWNLOAD,main/app/tag
2025-08-23T16:58:54,389,LOGIN,wp-content
2025-07-31T13:11:14,289,LOGIN,explore/category
2025-08-09T07:26:10,445,DOWNLOAD,explore/blog/tags
2025-08-12T02:45:01,450,EXPORT,app
2025-08-08T05:51:19,197,EXPORT,category
2025-08-23T04:34:09,312,EXPORT,main/explore
2025-07-28T05:45:52,89,VIEW,app
2025-08-14T23:36:45,74,DOWNLOAD,app/explore/posts
2025-08-24T23:14:55,349,EXPORT,posts/tag
2025-07-28T07:17:55,203,VIEW,tags/tags
2025-08-06T22:54:49,26,EXPORT,app/tags/main
2025-08-08T11:02:14,460,VIEW,tags/search
2025-07-27T09:41:12,173,VIEW,posts/categories/tag
2025-08-10T12:23:45,144,EXPORT,explore
2025-07-31T04:32:43,498,LOGOUT,app/list
2025-08-01T22:41:03,154,EXPORT,main/tag/tag
2025-08-10T23:57:09,138,EXPORT,search/tags/posts
2025-08-24T18:57:56,331,LOGIN,posts/wp-content
2025-08-04T13:04:29,227,LOGOUT,tags/wp-content
2025-08-15T04:30:06,380,EXPORT,main/main
2025-08-20T11:52:53,445,VIEW,app
2025-07-29T03:35:54,264,LOGOUT,list/main/explore
2025-07-29T14:33:47,160,DOWNLOAD,wp-content
2025-08-15T00:05:29,70,DOWNLOAD,app/posts/blog
2025-08-23T00:39:54,15,LOGOUT,wp-content/tag/category
2025-08-04T18:41:58,449,LOGOUT,blog/blog/blog
2025-07-29T05:15:17,128,LOGIN,explore/wp-content
2025-08-17T13:54:54,26,VIEW,tags/category
2025-08-05T02:05:36,141,VIEW,wp-content/app
2025-08-17T22:58:03,259,EXPORT,category
2025-08-01T10:26:10,349,LOGIN,wp-content/tag
2025-08-07T03:59:31,191,EXPORT,explore/posts/list
2025-08-24T06:13:29,229,LOGOUT,main/search
2025-08-18T11:02:32,301,DOWNLOAD,tag/search/list
2025-08-12T09:36:49,177,LOGOUT,list/wp-content/list
2025-08-07T23:28:28,384,LOGIN,category
2025-08-09T06:14:37,15,EXPORT,main/list
2025-07-28T19:57:41,84,DOWNLOAD,main/list
2025-08-05T19:48:47,439,LOGOUT,blog
2025-08-06T08:23:18,347,LOGOUT,tag/search/wp-content
2025-08-08T11:37:08,334,EXPORT,categories
2025-08-20T08:07:47,11,LOGIN,app
2025-08-18T10:28:37,467,LOGOUT,category/category/tags
2025-08-03T19:54:26,308,LOGIN,app/tag
2025-08-06T06:49:29,130,DOWNLOAD,wp-content/main/blog
2025-08-10T06:00:00,365,VIEW,blog/search/category
2025-08-15T23:53:04,459,EXPORT,explore/tags/tags
2025-08-12T08:23:22,236,VIEW,posts/blog
2025-08-06T00:20:45,239,VIEW,tags
2025-08-20T16:42:03,423,DOWNLOAD,tags/search/explore
