id,full_name,email,phone_number,dob
1,Allison Hill,donaldgarcia@example.net,+1-219-560-0133,1991-09-29
2,Kevin Pacheco,blakeerik@example.com,942-335-1161x55940,1986-03-02
3,Edward Fuller,barbara10@example.net,441.731.6475,1982-12-31
4,Derek Zuniga,lynchgeorge@example.net,527.264.8350,1977-07-31
5,Austin Gentry,jason76@example.net,724.523.8849x696,1953-06-22
6,Ann Williams,hernandezernest@example.net,(791)366-9784x80184,1974-08-04
7,Jesse Mckay,teresa28@example.org,+1-948-293-2528x8095,1949-11-14
8,Sherry Decker,john39@example.org,671-882-2782,1963-06-22
9,Nicole Vaughn,raymond57@example.net,213.331.5098x393,1942-08-29
10,Taylor Heath,palmerjoshua@example.com,582.399.7376,1947-11-03
11,Heather Jenkins,nuneztracey@example.org,4658133387,1959-08-15
12,David Leblanc,jmorton@example.org,5808132677,1942-08-17
13,Aaron Myers,smitchell@example.net,+1-272-734-3098,1942-06-05
14,John Calhoun,brianromero@example.org,291-336-1939,1991-09-14
15,Krystal Stewart,james53@example.com,(524)675-1079x9118,1952-09-03
16,Shirley Suarez,justin78@example.net,698-608-4124x1182,1963-04-25
17,Christina Walters,william40@example.org,+1-264-300-5242x7868,1944-11-20
18,Melissa Hernandez,davenportbrandi@example.org,(420)545-0533x15869,1956-10-06
19,Rita Keith,whitesandra@example.com,+1-534-221-6073x37543,1960-12-06
20,Donald Jones,michael86@example.net,+1-350-814-2940,1981-09-11
21,Emily Obrien,cruzbarbara@example.com,7607883561,1951-08-11
22,Elizabeth Parker,snguyen@example.com,+1-823-266-2994,1976-01-02
23,Jeffrey Carpenter,steven73@example.net,221.248.9513x4332,1967-12-21
24,Miss Patricia Gibson,jennifercruz@example.com,220.516.3287,1951-03-01
25,Robert Contreras,stephanie79@example.net,968.372.7743x48734,1973-07-14
26,George Orozco,taylorjesse@example.net,(231)566-5876,1991-10-30
27,Randy Shah,gateskathy@example.com,805.946.6889x3734,1938-08-06
28,Michael Yates,marycalhoun@example.net,+1-906-499-0162,1941-06-28
29,Garrett Gibson,kathleen64@example.com,517-208-0531x003,1955-05-21
30,John Wilson,stevenscott@example.com,(699)812-4190,1988-08-18
31,Christina Vargas,curtisbarton@example.net,+1-819-905-8651x850,1949-01-04
32,Jack Snow,bzimmerman@example.org,001-684-998-7769x4531,1967-11-02
33,Laura Barnett,anthony52@example.com,554.354.9480,1967-06-30
34,Katherine Chang,fbrewer@example.com,9147363495,1992-07-22
35,Krista Bell MD,john13@example.com,682-333-7498,1961-01-24
36,Isaac Turner,joshuamccann@example.net,627-910-9477x7520,1950-03-05
37,Jennifer Jones,hernandezlisa@example.com,831-986-9993,1994-11-25
38,Kevin Patterson,lynchjody@example.org,+1-934-612-3281x2067,1939-02-02
39,Michael Warner,ojones@example.com,+1-693-661-8324x2102,1994-06-01
40,Michael Lyons,vincent77@example.org,+1-606-259-4013x990,1958-06-28
41,Matthew Moon,wendygraham@example.com,875-965-5125,1973-11-15
42,Jennifer Hodges,gibsonleonard@example.com,768-908-7603,1994-10-22
43,Christina Dunn,samuel71@example.org,+1-393-424-8086x1317,2002-06-23
44,Dorothy Thornton,edavenport@example.org,682.263.9821x465,1973-02-21
45,Sara Carpenter,cgrimes@example.net,855.288.6753x3963,1977-12-13
46,Michele Shepherd,ymcneil@example.net,(370)928-9517,1936-09-25
47,Jennifer Pena,charlesharrington@example.com,696-515-8657x80913,1946-12-12
48,Brett Schultz,wallaceheather@example.org,8504455623,1957-10-12
49,Leon Reyes,tyleraguilar@example.org,647.840.7482x175,1968-09-07
50,Eric Kidd,yrodriguez@example.net,(694)540-6409x097,1982-08-06
51,Connor King,courtneyberger@example.net,7478095214,1958-07-21
52,Richard Walter,alyssa42@example.com,245.617.1236x8516,1951-06-20
53,Michael Chambers,xcarson@example.org,+1-437-209-8593x17461,1939-09-17
54,Johnathan Davis,paulwatson@example.net,001-786-592-6179x640,1994-12-28
55,David Cox,amy50@example.com,531-371-3900x532,1962-11-03
56,Robin Hall,kristinacarlson@example.com,(728)542-1020,1978-09-17
57,Derek Martinez,vfox@example.org,975.289.1783x9084,1942-12-04
58,Dr. Jessica Rodriguez DDS,fjones@example.com,+1-621-924-9985x698,2003-06-15
59,Annette Miles,russellbeasley@example.com,376-361-5654x52711,1993-06-04
60,Parker Cain,willisanna@example.com,+1-416-956-0494x51983,1965-03-02
61,Hayley Hawkins,farmeraudrey@example.com,+1-699-680-9402,1980-11-23
62,Christopher Thomas,vjones@example.net,7186366752,1978-10-18
63,Latoya Miller,moorekaren@example.org,+1-814-376-7976x43815,1973-03-13
64,Leslie Rose,brandon69@example.org,2349324451,1993-04-04
65,James Padilla,charles06@example.org,715.496.9664x160,1997-04-07
66,Tamara Davis,sanchezbrianna@example.net,364-553-5218,1982-03-13
67,Tyler Brewer,joelthomas@example.org,(992)712-7799,1977-09-03
68,Barry Ramos,laura90@example.com,814.977.0054x11998,1940-03-25
69,Robert Pearson,cassidy82@example.org,415.718.2037x788,1985-05-23
70,Jasmine Schroeder,mccormickdeborah@example.org,818-464-4925x19254,1946-03-06
71,James Conner,elizabethcalderon@example.net,+1-581-468-5054x23573,1955-09-26
72,Ryan Garcia,stanleynancy@example.net,(296)822-2927,1984-03-24
73,Cynthia Wallace,karen73@example.net,847.835.9774,1956-09-13
74,Rebecca Taylor,brett75@example.net,481-841-2478,1947-02-17
75,Courtney Hayes,sarah60@example.com,653.961.5305x15220,1953-07-15
76,Julie Gilbert,smithjason@example.org,+1-298-561-4341,1991-10-14
77,Lisa Brown,bcarlson@example.net,793.324.6095x39621,2006-03-30
78,Rachel Romero,myerstheodore@example.net,(754)705-1531x9520,1958-06-23
79,Melinda Pollard,zwelch@example.org,670-843-0305,1999-01-28
80,Paul Lee,michelle05@example.com,956-767-6527,2005-04-27
81,Bradley Coleman,lmorrison@example.net,951-215-4479x6275,1982-08-18
82,Jessica Fowler,jonesdana@example.com,220.429.7021x35569,1995-11-18
83,Jacqueline Hines,alyssasanders@example.net,931-502-7868x144,1973-07-07
84,Yvonne Gonzalez,melissahayes@example.net,515.351.8844x225,1961-12-31
85,Cynthia Snyder,angela57@example.net,(891)314-6786,1951-09-15
86,Maria Cole,david89@example.org,001-626-380-1824x22535,1968-10-02
87,Tyler Hill,christina18@example.net,(299)222-9959,1945-09-13
88,Martin Ray,katiebutler@example.net,9783447364,1942-10-20
89,Jason Marshall,catherine55@example.net,(962)558-8153x714,1953-10-27
90,Dylan Cruz,kwright@example.com,001-953-227-8774,1946-11-26
91,Kathy Levy,brandywilliams@example.com,297.848.0162x4565,1941-08-11
92,Chloe Tran,hughesshannon@example.net,599-812-1655x852,2002-09-16
93,Andrew Reeves,jstone@example.net,925.695.2694x95888,1999-04-13
94,Isabella Nunez,ysilva@example.net,001-809-474-9930x972,1967-08-11
95,Travis Rodriguez,alexanderrobert@example.com,001-936-889-7028x385,1977-05-07
96,Julia Patel,erica49@example.com,934.784.3443,1999-12-13
97,Timothy Pope,keith98@example.com,(652)640-4157x4733,1953-04-30
98,Patrick Allen,santiagoamanda@example.net,401.865.7120,1999-05-23
99,Curtis Maynard,justin01@example.net,001-938-402-6206,1974-01-16
100,Alexandra Bradley,hebertmatthew@example.com,+1-688-472-8743x1527,1936-07-25
101,Rachel Bradley,gregorychase@example.com,(585)916-1227x53046,1970-12-26
102,Elizabeth Sharp,greenmichael@example.org,6177426841,1964-09-14
103,Casey Hernandez,robert87@example.net,+1-533-491-8785x19108,1957-01-15
104,Joseph Wilson,jenniferburns@example.net,207.828.6790x874,1969-04-12
105,Nichole Lane,hendersonisabella@example.net,7178046226,1995-09-10
106,Susan Bennett,desireebailey@example.org,+1-868-823-0047,1965-11-26
107,Gregory Hill,johnsondonna@example.net,001-903-531-1907x90306,1964-03-20
108,Patty Taylor,jim95@example.net,+1-453-842-8364x408,2002-02-06
109,Gregory Schneider,ufloyd@example.net,(862)846-2873x34270,2006-10-12
110,David Harris,nielsenmelanie@example.org,+1-530-546-9901,1999-11-22
111,Terry Turner,lewisjames@example.net,673-893-6385,1998-02-07
112,Heather Green,zowens@example.net,853.655.6093x2048,1955-05-23
113,David Hudson,victorpena@example.net,247-377-2522x87280,1941-04-01
114,Jennifer Kirby,carloshernandez@example.org,275.609.9770x08860,2007-07-24
115,Alicia Li,ldrake@example.org,682-833-9845,1945-05-27
116,Jared Cunningham,kevinclayton@example.org,+1-801-766-6870x0217,1947-08-17
117,Tamara Hall,enelson@example.net,689-402-5039x261,1967-05-17
118,Sarah Rhodes,patrick21@example.net,001-250-616-3159x9965,1995-12-19
119,Henry Pugh MD,nmiller@example.com,711.342.6265,1947-02-07
120,Eric Ward,curtis12@example.com,788.886.1015x819,1936-04-29
121,James Miller,ashleyjackson@example.com,(824)644-7212,1991-12-17
122,Richard Ward,jennifersimpson@example.net,871.724.0659,1994-07-24
123,Robert Villarreal,kevinmorrison@example.net,575.726.5479,1985-10-29
124,Richard Diaz,brittanygardner@example.net,001-480-873-7416x72434,1985-12-15
125,William Mendoza,sferguson@example.com,+1-405-289-1135,1989-01-13
126,Erin Hogan,smithjonathan@example.net,001-788-299-3756x7982,2000-05-08
127,Jason Nixon,guerrajessica@example.com,657-238-7571x7751,1950-04-23
128,Greg Rodriguez,sarahyang@example.net,(482)458-6736,1993-06-17
129,Omar Ware,yvargas@example.org,001-933-341-9182x553,1970-05-09
130,Katherine Church,candice96@example.net,355-479-2499,1977-04-09
131,Eric White,williambarnes@example.org,001-966-627-8282,1953-09-28
132,Ryan Harvey,stephanie72@example.org,(588)676-7677x2190,1939-02-05
133,Joshua Jackson,xcunningham@example.com,+1-281-991-4858,1964-05-22
134,Ashley Greer PhD,nancy07@example.com,(417)513-3959x629,1962-10-24
135,Laura Patel,mariopadilla@example.com,001-448-512-6042,1954-07-20
136,Sandra Juarez,kburns@example.net,766-271-1684x577,1947-04-29
137,Judy Beck,melissa86@example.org,(237)345-4589x29750,1997-03-12
138,Timothy Moore,bsmith@example.org,001-824-624-1541x520,1966-07-07
139,Brandon Davis,thomasanderson@example.org,370.705.1627x13611,1984-09-02
140,Breanna Ayala,darlenebyrd@example.org,390.492.7532x69731,1951-05-30
141,Janet Richmond,kylie34@example.net,538-599-9404,1987-12-19
142,Anthony Hurst,troyrodriguez@example.com,+1-491-980-5526x9658,1944-07-31
143,Austin Baker,livingstonstacy@example.com,348.566.6188x92414,1955-10-17
144,Jeanette Walters,collinssamuel@example.org,6314617990,1950-11-26
145,Chad Smith,hbenton@example.net,001-642-352-4105x6481,2002-03-04
146,Ian Porter,michaelscott@example.org,001-913-780-0030,1986-10-09
147,Cassidy Horne,tranrobin@example.net,+1-263-453-6541x9518,1965-01-08
148,Vicki Finley,wileymichelle@example.com,918-570-5349x49375,1968-01-04
149,Timothy Johnson,cynthia05@example.org,001-564-813-8367x02410,1985-05-05
150,Paul Carpenter,danafoster@example.net,001-706-723-4456,1996-04-07
151,Benjamin Harris,moorefrank@example.com,261-585-3747x41124,1979-04-05
152,Michael Schmitt,rpalmer@example.com,320-267-8831x712,1943-01-15
153,Vickie Anderson,owatson@example.net,499-341-0137,1979-10-09
154,Tom Williams,zunderwood@example.com,9664253244,1939-05-13
155,Lisa Holland,jjenkins@example.com,2148626383,1983-07-10
156,Richard Cooper,paul20@example.com,+1-530-540-7859x321,1970-12-03
157,Raven Mclaughlin,barbaramcgrath@example.com,(422)539-5590x599,2001-08-21
158,Casey Johnson,halljeffery@example.net,405.393.2525x0029,2006-04-11
159,Toni Brooks,vwillis@example.com,622-667-5289x53926,1951-12-24
160,Aaron Miles,xrosales@example.net,4297593917,1945-03-27
161,William Jackson,underwoodelizabeth@example.net,870-443-3154x10067,1990-12-30
162,James Payne Jr.,kkramer@example.net,001-832-471-0405x41152,1944-11-08
163,Stephanie Davis,bbush@example.net,(896)620-1533,1972-12-17
164,Brendan Long,xhernandez@example.org,(614)897-3103x24171,1998-09-28
165,Matthew Davis MD,nathanjames@example.org,304.777.4349x021,1990-12-28
166,Leah Spencer,acardenas@example.net,+1-479-337-4160x89899,1995-10-05
167,William Stanton,davidhenderson@example.net,(932)294-5116x86854,2005-10-07
168,Ashley Hernandez,buckleyanna@example.org,885-464-6799x7024,1989-04-27
169,Steve Rivera,brandonalvarez@example.com,(705)644-4713x247,1991-05-15
170,Ann Alexander,wfigueroa@example.net,(408)521-4862x890,1961-12-19
171,Danielle Bryant,janet45@example.com,761.403.5797x27985,1969-11-07
172,Melissa Mitchell,kwilliams@example.org,433.446.8007,1935-10-19
173,Lee Hahn,rodney65@example.com,637-648-9691x085,1949-05-11
174,Mr. Donald Nguyen,jose43@example.org,230.596.5207x44666,1981-05-08
175,Courtney Nichols,qknox@example.com,542.782.4172x48251,1965-01-15
176,Elizabeth French,nathan94@example.com,370-899-9173,2006-10-04
177,Anthony Dickerson,victoriacooper@example.net,625.521.7525x007,1957-08-05
178,Brooke Glover,andersonryan@example.com,(267)260-0835x0583,1968-07-06
179,Shawn Collins,reyesbrianna@example.org,804-447-8985,1981-04-17
180,Katherine Christensen MD,osmith@example.net,(830)698-2150,2007-06-04
181,Linda Williams,valdezandrew@example.net,567-261-8472,1975-08-18
182,Brian Meyer,robertroach@example.net,001-791-841-1739x3483,1974-11-04
183,Joshua Lozano,arivera@example.org,+1-611-997-2181x14374,1941-06-18
184,Christopher Williams,michael56@example.net,610-302-2557,1985-05-12
185,Catherine Morales,ynelson@example.net,462.812.0216x9797,1983-06-15
186,Shari Hobbs,timothyfreeman@example.com,301.845.0899x358,1968-06-23
187,Mr. Martin Hernandez,smithsarah@example.net,872.817.5354x0838,1966-08-18
188,Jeremy Berry,gatessergio@example.org,501.966.0880x1994,1981-01-13
189,Anthony Walker,xrivera@example.net,+1-775-371-1305x548,1940-11-16
190,Katherine Underwood,nrodriguez@example.org,216.337.3516,1995-12-17
191,Kevin Gordon,vsmith@example.org,+1-369-878-2922,1978-06-13
192,Janice Petty,joshuastuart@example.com,522.669.8485x833,1981-08-22
193,Brandi Page,williambenson@example.com,001-315-287-9968x460,1986-06-26
194,Michael Gonzalez,tonyavega@example.org,5438805719,1966-12-25
195,Rebecca Horton,housepaul@example.net,580-604-3973x59893,1995-09-24
196,Michael Lopez,jillwilson@example.org,(748)242-2940x57202,1975-08-20
197,Kenneth Howard DDS,alicia28@example.org,526.988.6153x35554,1935-11-05
198,Gregory Allen,susanfleming@example.com,(216)648-4085x8877,1960-11-05
199,Bradley Davis,simsjason@example.net,001-336-213-8612x07501,1958-11-15
200,Kristin Andrews,rhondarussell@example.com,+1-366-750-6180x9190,2003-01-31
201,Richard Turner,campbellsara@example.com,(207)428-3268x4245,1951-06-03
202,Kenneth Long,torreskaitlin@example.net,(436)282-2239x431,1997-06-04
203,Angel Powers,corey97@example.com,(623)414-9135x775,1984-04-03
204,Tina Jackson,john36@example.com,(325)677-7547x812,1953-09-13
205,Christina Gross,lunapatricia@example.net,+1-409-796-9308x4887,1988-01-25
206,Raymond Quinn,dennis88@example.org,(458)903-9282x7229,1983-06-24
207,Philip Hall,mike03@example.net,(467)870-0518x449,1986-03-01
208,Matthew Houston,nicholas38@example.com,(657)579-0827x231,1955-02-04
209,Jack Love,guerrerorobert@example.com,001-417-477-3926x0302,2004-06-01
210,Kenneth Brown,sandra86@example.net,001-404-513-7977,1990-07-21
211,Rebecca Hoover,cindydixon@example.org,001-857-499-1366x2103,1947-10-03
212,Steven Greene,davisdonna@example.net,+1-506-986-5086,1986-07-14
213,Robert Velez,colemanjonathan@example.org,349-286-4300,1985-09-08
214,Melissa Stewart,daniel69@example.com,986-495-9463x688,1985-01-12
215,Karen Hinton,kim62@example.net,237-421-3865,1987-08-09
216,Abigail Davis,thomasburke@example.org,643-251-9066,1958-07-02
217,Jessica Harris,james98@example.net,001-739-820-5302x146,1989-10-30
218,Kelly Mclaughlin,calhounandrea@example.net,+1-895-254-3937,1970-03-08
219,Jonathan Hansen,matthew18@example.com,+1-994-976-9735,1938-05-15
220,Mr. James Kramer,ericahall@example.com,(958)780-4341x65182,1982-10-06
221,Kenneth White,victorgonzalez@example.net,343.333.3952,1945-04-30
222,Mary Austin,charlesnathan@example.com,894.972.8463x9208,1939-01-29
223,Jennifer Parks,stephenmartinez@example.net,450.603.6915x594,1966-12-03
224,Tyler Cooper,victorclark@example.net,001-855-864-7292x93143,1961-05-01
225,Tyler Hernandez,thompsonvictor@example.net,685.974.4890x61203,1947-10-03
226,George Ward,maurice61@example.com,+1-893-699-8245x58771,1997-10-06
227,Brianna Jackson,robert99@example.com,812-653-5544,1995-03-14
228,Teresa Adkins,lgutierrez@example.org,(334)913-2611,1941-12-21
229,James Hubbard,garciachristine@example.org,+1-764-733-4722x8200,1999-06-14
230,Seth Donovan,staylor@example.net,(799)979-6884,1965-07-23
231,Jessica Diaz,eric00@example.net,001-525-247-8077x40649,1985-07-01
232,Stephen Kim,frankmclaughlin@example.com,(534)316-3894x4846,1959-06-22
233,Brian Gibson,nnelson@example.com,650.620.8021,1951-08-31
234,Monica Hall,alexisrobinson@example.com,975-470-5120x4618,1960-10-20
235,Danielle James,martinezkayla@example.org,(473)203-7183x7645,2005-07-18
236,John Evans,paige31@example.org,+1-965-402-4916x3009,1985-03-12
237,Danielle Porter,sarah00@example.com,+1-828-712-7358x5730,1952-12-25
238,Andrew Mann,amy73@example.net,(385)457-4982,1995-10-23
239,Dennis Richardson,parsonswilliam@example.net,(809)559-3518,2005-12-21
240,Pamela Moore,marcus51@example.org,910.622.0317x31096,1941-04-30
241,Larry Jones,dianahebert@example.org,605.386.5094x801,1964-01-12
242,Anne Hardy,hlopez@example.net,992.888.6195,1948-10-24
243,Christopher Morales,diane89@example.com,(558)855-6659x398,1969-03-24
244,Jesse Moyer,barbertonya@example.net,2826404335,2004-03-25
245,Tammy Moore,stevenseric@example.com,(793)934-4196x931,1958-03-07
246,Steven Warner PhD,larsonkevin@example.net,001-561-205-5661,1986-09-14
247,Joseph Flores,markwolfe@example.org,6678998136,1954-10-16
248,Bradley Duncan,kelleyjose@example.com,562.527.8376x93898,1944-05-25
249,Jeffrey Cohen,rodriguezrobert@example.com,(435)959-0425x979,1940-10-02
250,Cynthia Jennings,katherinefarrell@example.org,001-703-592-4051x4770,1963-06-26
251,Joseph Green,jdean@example.net,001-606-298-0420x439,1997-12-05
252,Alejandra Price,elizabeth51@example.org,963-268-1579x8123,1940-01-22
253,Joseph Cook,bgarner@example.com,+1-455-743-8404x60843,1988-02-11
254,Anita Reyes,robertberry@example.com,495-878-2329x8324,1954-05-27
255,Krystal Moore,grantstacy@example.org,(652)405-6647,1960-03-23
256,Cody Farmer,catherine93@example.net,930.751.7289,1959-09-08
257,Katherine Taylor,jeremyortiz@example.org,563-833-1279x757,1989-10-01
258,Lisa Holloway,phillip99@example.net,208.517.7038x86086,1974-04-11
259,Stephen Ayala,steven64@example.net,4828771812,1990-12-07
260,Alexander Chavez,nicoledavis@example.com,001-421-811-7518x689,1986-06-13
261,Christopher Rogers,fernandothomas@example.net,5642474212,1969-02-04
262,Jonathan Jimenez,franklintrevor@example.org,001-577-667-1990,1962-11-27
263,Charles Delgado,thomasantonio@example.net,+1-445-910-1622x499,1983-09-02
264,Anna Evans,priscilla16@example.net,547-521-4586,1942-07-26
265,Nicholas Fuller,webbhaley@example.net,969-954-8995x2997,1959-02-18
266,Crystal Roberts,aaronjohnson@example.net,539-266-0558,1962-01-11
267,Dawn Jones,william50@example.org,+1-455-969-9023x55770,1955-10-18
268,Stephanie Herrera,steven60@example.net,295-788-0395x5124,1985-09-19
269,Sarah Duncan,hlopez@example.com,001-650-446-1735x743,1949-12-03
270,Andrew Harris,wallaceangel@example.com,923.857.8452x18230,2005-09-26
271,Eric Williams,cookpamela@example.org,340.694.3533x44857,1954-12-20
272,Brian Mullen,clarkmichael@example.com,224-493-2149x587,1938-08-05
273,Michael Rodriguez,millerphilip@example.net,+1-497-395-4538x179,1998-05-19
274,Eric Newman,oruiz@example.org,+1-345-762-5577x017,1999-10-16
275,Christopher Tate,williamsullivan@example.net,858-514-8769,1967-10-24
276,Valerie Reyes,jared96@example.com,001-958-732-1971,1947-12-09
277,Casey Blanchard,georgegina@example.net,001-665-870-1329x02278,1995-07-04
278,Michael Stewart,samantha65@example.org,001-209-286-2405,1983-07-17
279,Douglas Johnson,zpark@example.net,866-466-8327x23865,1973-11-27
280,Meagan Taylor MD,thomasnicole@example.net,(921)826-7969x27868,1983-01-02
281,Jeff Smith,pbradford@example.net,346.489.5009x75197,2006-04-16
282,Dr. Peggy Marshall,millschelsea@example.org,918.794.9058x0778,1991-12-12
283,William Phillips,austinlivingston@example.net,994-307-9290x4904,1951-11-28
284,Sarah Ramirez,christinahill@example.com,6195292752,2000-08-23
285,Joseph Johnson,coffeycaitlin@example.org,466.937.2395x0410,1988-11-30
286,John Vaughan,noahthornton@example.com,728-860-4765x801,1971-09-30
287,Derek Garcia,rmurray@example.net,293.385.2580,1936-04-10
288,Joseph Jennings,jeffrey44@example.org,3093109391,1952-04-29
289,Phillip Wong,pauladominguez@example.com,871-774-6542x1406,1942-10-27
290,Robert Thompson,vasquezsarah@example.net,(227)312-8639x1741,1944-03-25
291,Danielle Griffin,ohernandez@example.org,9649256908,1993-12-29
292,Nicholas Burnett,fernandezaaron@example.net,001-371-998-5546x01585,1974-02-09
293,Cassandra Williams,tguerrero@example.net,(915)871-7320x3093,1943-03-22
294,Maria Porter,blevy@example.org,205-406-1387x82931,2001-03-09
295,Kaitlin Hardin,sanchezdeborah@example.org,(304)317-9291,2002-04-23
296,Lisa Brown,ronaldcain@example.net,+1-365-619-8253x09251,1953-11-13
297,Carol Wood,samuelfrost@example.org,(219)462-0710,1946-10-12
298,Linda Campbell,nschwartz@example.org,+1-348-676-3290x9279,1981-12-27
299,Justin Lee,montgomerymichelle@example.net,237.734.0312x77220,1973-06-11
300,David Jensen,vwilliams@example.org,+1-922-707-8113,1991-09-06
301,Michael Nguyen,nguyencorey@example.net,(436)831-7970x62397,1985-06-24
302,Nathan Chen,james20@example.net,001-704-521-7762,1974-10-26
303,Rachel Little,belindatran@example.org,268-873-9774,1968-03-20
304,Jeffrey Walker,robinvillanueva@example.com,3079806867,2002-01-20
305,Justin Smith,idodson@example.com,431-807-4279x9077,1959-10-26
306,Jacqueline Marshall,daltonchad@example.net,780-246-4989x31950,1949-10-01
307,John Williams,gregory81@example.net,001-732-653-8179x335,2003-03-08
308,Destiny Brown,shaun88@example.org,488.647.9513x7116,1945-02-13
309,Donald Terry,nhernandez@example.net,+1-304-268-2756x7043,1966-04-08
310,Kelly Rogers,diana57@example.net,+1-688-277-4924x24375,1954-11-01
311,Jesus Jackson,jennifermitchell@example.org,001-422-531-0592x745,1939-05-15
312,Vanessa Hernandez,kfernandez@example.net,610-967-2752x0885,1974-02-03
313,Nicole Mcknight,laurenchandler@example.com,317-702-8140x69375,1942-02-19
314,Christie Fox,james18@example.com,+1-818-763-7599x80562,1987-03-13
315,Dustin Bell,fsawyer@example.org,001-576-674-2662x9912,1999-03-30
316,Kelly Rogers DVM,adavis@example.net,962-287-9232x648,1975-10-01
317,Elizabeth Hansen,ywalker@example.org,(544)271-4627,1950-11-22
318,Katherine Arellano,bianca96@example.com,+1-971-458-9042x9025,1983-04-15
319,Dominic Barnes,brandon48@example.net,783-621-9285,1971-08-05
320,Melissa Davis,madeline02@example.net,357-865-2132x8338,1997-04-27
321,Audrey Anderson,mendozalarry@example.com,(579)485-2401,1954-01-08
322,Elizabeth Clark,colemankathryn@example.org,207-960-3108,1950-10-31
323,Amanda Turner,websterkimberly@example.net,793.725.0124,1956-07-01
324,Phyllis Austin,garciabelinda@example.org,933.342.8013x87592,1959-04-06
325,Vicki Coleman,rickjuarez@example.com,271-382-7548,1979-04-21
326,James Bryant DDS,aperez@example.com,(431)875-2071x67811,1989-03-04
327,Vanessa Figueroa,calvinhester@example.com,696.813.6749,1983-02-10
328,Larry Sullivan,jdixon@example.com,214-377-3201,2002-06-11
329,Valerie Reyes,eric99@example.org,001-218-277-3477x84858,1993-03-23
330,Barbara Cole,cramos@example.org,(984)327-6246,2001-05-30
331,Melissa Armstrong,khart@example.net,7642796954,1938-06-24
332,Bethany Richardson,hubbardcolleen@example.com,565-656-5033,1946-03-17
333,Ana Torres,geoffrey85@example.org,869.786.4079x056,1947-12-12
334,Ariel Leonard,tyler52@example.net,856-537-1834x4049,1947-03-01
335,Laura Vargas,carlos87@example.com,551.848.4685,1989-05-26
336,Jose Powers,nicoleburton@example.net,(297)537-4896,1984-03-23
337,David Francis,megan65@example.org,+1-536-244-2493x6312,1968-01-27
338,Emily Washington,chenderson@example.org,(942)204-4820,1942-03-06
339,Angela Guzman,lesterrichard@example.com,+1-316-523-1981x89847,1951-04-16
340,Emily Collier,vshaffer@example.org,(732)312-3476x49078,1977-09-20
341,Karen Sanchez,natasha25@example.com,001-754-309-0034x864,2007-06-13
342,Shannon Price,qpennington@example.com,634-332-7560,2001-07-26
343,Jason Randall,gmcdowell@example.org,001-448-915-6985x700,1953-03-03
344,Curtis Torres,rodriguezjohn@example.net,001-329-865-7724x29543,1984-09-04
345,Shawn Duffy,andrewjohnson@example.net,+1-693-417-3420x6969,1946-10-08
346,Carolyn Bradley,higginsryan@example.com,+1-571-633-3447x62639,1960-06-02
347,Jason Thomas,theresa39@example.com,859.571.0725,1986-11-03
348,Nancy Scott,hawkinsbrett@example.org,459.290.0489x6465,1959-01-22
349,Jonathan Conrad,uanderson@example.net,662.741.5027x45644,1993-12-15
350,Emily Vang,angelalivingston@example.net,803.320.3207x427,2002-01-02
351,Herbert Fletcher,hellis@example.net,(615)513-4228,1935-03-18
352,Laura Butler,sancheztyler@example.org,904-616-5915x20177,1935-06-09
353,Andrew Dean,unguyen@example.net,001-823-304-5018,1988-12-06
354,David Wise,ndavis@example.org,(764)521-4764x9251,2001-04-14
355,James Adams,bdavis@example.com,+1-326-661-0857x327,1998-05-16
356,Terry Woods,traceysutton@example.com,386.849.0810,1990-11-10
357,Matthew Carroll,michael91@example.net,6177226016,1996-07-28
358,Joanna Morton,tammy23@example.org,394-216-8006,1958-01-08
359,Julia Sullivan,nturner@example.com,001-564-912-2031x030,1954-05-27
360,Jessica Garrett,christophercarrillo@example.org,560.612.2777x0793,1987-12-18
361,Adam Mccoy,fpetty@example.net,001-998-540-7678,1942-11-28
362,Jennifer Stewart,adamsdeborah@example.com,579-957-6024,1981-06-11
363,Jordan Matthews,sandra72@example.com,001-566-457-2934x1722,2001-08-19
364,Jason Chaney,jimmy80@example.org,(545)322-8015x619,1965-02-22
365,Dr. Richard Hammond,paula89@example.net,207-371-1991,1957-05-19
366,Shelby Bartlett,jessicaerickson@example.net,712.655.2137x6037,2003-05-19
367,Derek Espinoza,qward@example.org,(786)232-6667,1994-11-18
368,Adam Drake,millerleroy@example.org,(706)202-9084x66845,1972-09-21
369,Lisa Thomas,ngriffin@example.net,+1-497-656-3410x856,1963-09-26
370,Juan Boyd,andrewzamora@example.net,001-643-746-8105,1951-07-01
371,Matthew Martinez,ashley07@example.com,499.889.3544,2005-05-16
372,Ashley Black,mackenzieward@example.org,(566)911-0627,1945-04-10
373,Joseph Chapman,lwiggins@example.com,+1-367-576-2282x7728,1996-08-18
374,Paul Raymond,sandra19@example.com,715-694-0821,1985-08-11
375,John Moody,kristenfisher@example.com,632-970-1851x0679,1980-08-16
376,Karen Cortez,kathleenwagner@example.com,001-277-925-1996x63658,1972-05-25
377,Sharon Mann,ann18@example.org,298.390.9837,2007-01-12
378,Albert Buchanan,mariacombs@example.net,418.895.6907x056,1937-12-02
379,Emily Scott,pettyamber@example.com,(724)412-4620,1938-05-06
380,Elizabeth Garcia,robertnguyen@example.com,803-339-9378,1971-04-19
381,John Russell,ojohnson@example.org,8489913824,1946-01-25
382,Kathryn Patton,nathanielgalloway@example.org,+1-468-270-0794,1942-11-02
383,Karen Harper,okidd@example.org,001-384-802-8914,1951-05-21
384,Molly Lutz,gclark@example.com,+1-254-974-3553x79502,1935-03-25
385,Megan Gutierrez,ifarmer@example.org,+1-318-907-1569x5620,1985-01-25
386,Jill Walker,changerin@example.net,(531)294-3375x047,1961-05-02
387,Miss Ashley Ramirez,mjackson@example.net,001-699-592-1921x2493,1937-10-17
388,Melissa Patel MD,bsmith@example.net,+1-205-666-4187x75803,1991-10-26
389,Emily Myers,christopher90@example.net,361.233.2541,1999-12-21
390,Alexander Robles,mary31@example.com,950.358.3199,1995-05-30
391,Angela Brown,bennettpamela@example.net,320-270-4961,1941-10-02
392,James Davis,mhall@example.net,+1-707-567-6991x507,1949-05-07
393,Kurt Jones,rebeccamartinez@example.net,656-879-7232x002,2004-06-25
394,Nicole Collins,dylanparker@example.com,550-589-2038x8065,1962-01-14
395,Gloria Contreras,vgreene@example.net,001-259-946-5217,1964-07-04
396,Margaret Steele,phanson@example.com,001-356-436-2050x1508,1974-03-12
397,Mark Durham,bradley03@example.org,323-242-5832x3024,1953-04-29
398,Richard Rodriguez,kevinallen@example.com,+1-728-896-1122x33865,1967-12-06
399,Pamela Matthews,kristine53@example.org,+1-842-789-7317x9128,2002-07-03
400,Cassidy Marquez,fbaldwin@example.com,696-890-3337x363,1985-12-19
401,Taylor Brooks,taylorchristopher@example.com,753.990.7895x67766,1977-10-17
402,Alexander Alexander,deanna51@example.com,588.714.3111x50835,1968-09-03
403,Robert Sutton,james92@example.net,001-484-804-4566x9078,1965-08-14
404,Paul Wells,dsharp@example.com,253-766-3778,1953-07-23
405,Bethany Harding,porterdonna@example.com,736-866-8459x09022,1986-07-18
406,James Ferguson,thomasmurphy@example.com,+1-341-821-8209x7023,1973-04-10
407,Eddie Warren,hbrown@example.org,(956)362-1286,1987-08-03
408,Sharon Anderson,kylemeyers@example.net,929.394.9387x4302,1988-12-25
409,Danielle Murphy,kstevens@example.org,001-814-975-4692x6329,1986-12-31
410,Catherine Carroll,chale@example.org,(348)741-3768,1945-01-23
411,Kathy Chan,qhayes@example.org,307.401.7656x36004,1979-03-02
412,Julie Murray,kelleyjohn@example.com,(674)322-0912,2007-05-31
413,Caroline Powers,byrderic@example.com,(830)683-7081,1995-01-27
414,Aaron Barton,sarahbrooks@example.org,510.360.0531,1957-06-30
415,Amanda Hunt,marcus39@example.org,+1-466-213-3155,1989-05-18
416,Alexandra Lewis,cameronbriggs@example.net,+1-450-613-6497x189,1947-07-17
417,Vicki Horton,martinreid@example.net,571-250-9976x83890,1951-07-13
418,Oscar Todd,brownnicholas@example.com,426.630.3975,1977-11-11
419,Paige Meyer,swong@example.org,855.733.8033,1959-08-18
420,Aaron Kane,mckaybrett@example.org,321.829.8338,1998-03-20
421,Nathan Sanchez,catherineturner@example.net,834.471.5662x776,2000-03-31
422,James Dickerson,brooke28@example.net,(946)374-7468,1980-01-01
423,John Moore,adamhensley@example.net,001-257-366-6567x4916,1987-01-08
424,Carla Hines,kelsey58@example.net,950.466.3370x5024,1969-04-03
425,Kenneth Bates,alexanderwise@example.net,001-866-691-8362x644,1990-09-01
426,Tammy Booth,fieldskimberly@example.com,(343)364-0270,1991-07-07
427,Mary Quinn,gregorylopez@example.org,572.281.7932,1959-07-08
428,Cheryl Bird,nalexander@example.org,+1-921-941-6141x5093,1948-05-14
429,Derek Moses,davisalexa@example.org,(598)747-7596x5555,1988-11-17
430,Anthony Kelly,linda07@example.net,(820)591-8435x7978,1935-01-27
431,Dr. Robin Smith,morgan57@example.org,+1-576-491-5671x649,2005-06-05
432,Rachel Moran,andersonlaura@example.com,+1-887-227-1783x33211,1956-06-15
433,Erin Reyes,jeffrey47@example.net,328-771-5399,1985-12-16
434,Natalie Hardy,ostokes@example.com,741-411-5931,1977-04-18
435,Laura Smith,lawrencejames@example.com,(455)628-9931x60875,1964-06-09
436,Mr. Kyle Thomas DDS,georgekyle@example.net,749-473-7460,1963-04-24
437,Taylor Walker,leblanckimberly@example.com,001-364-620-8656x7566,1973-01-28
438,Chloe Chase,udavis@example.net,4475292774,1964-05-02
439,Christina Curtis,jessica91@example.net,(266)320-1572,2004-10-18
440,Leslie Booker,hsanchez@example.org,(374)392-6176x4750,1945-11-22
441,Martin Kerr,andrewberry@example.net,341.492.6764x9215,1989-10-24
442,Alicia Hawkins,lbrown@example.net,001-213-412-9208x751,1962-09-18
443,Anita Scott,millerdavid@example.com,(482)960-3408x487,1977-03-28
444,Victoria Bell,haileybates@example.org,503.724.3298,1972-05-26
445,Marcus Jones,jorge26@example.com,746-428-3143,1991-10-07
446,Emily French,mjohnson@example.org,341-781-8615,1980-01-15
447,Brianna Yates,alejandro63@example.com,712-684-9718,1971-07-16
448,Stephanie Jackson,zwhite@example.net,+1-888-696-7924x08222,1941-11-03
449,Margaret Wood,erikabarnes@example.com,(575)678-4468,1946-06-24
450,Jennifer Edwards,walterschase@example.org,829-401-4870,1999-12-05
451,Mr. Michael Patel Jr.,jensenrhonda@example.net,9684538909,2005-11-24
452,Carrie Richardson,williefarley@example.com,662.551.5381x4474,1934-12-14
453,Laura Robinson,sarah80@example.com,+1-770-450-9754x510,1989-05-14
454,Brian Vasquez,ricerachel@example.com,670-724-3765,1992-12-10
455,Kimberly Adams,cdouglas@example.org,(256)405-3134,1988-05-05
456,Gary Johnson,stacymoyer@example.com,867-487-2568,1949-07-31
457,Rebecca Martinez,vincent30@example.net,469-506-7447x16392,1972-11-28
458,Sharon Gamble,elizabethpatterson@example.com,001-218-692-3923x126,1960-10-20
459,Jessica Jensen,linomar@example.net,733-656-7086x0414,1982-06-03
460,Danielle Jacobson,blakewilliams@example.net,334-374-9162x47554,1936-07-04
461,Patricia Anderson,judith59@example.net,+1-253-543-9611x291,1960-11-26
462,Tammy Jones,kevin73@example.net,001-820-323-6848x5571,2000-05-11
463,Timothy Gordon,jacksonjoshua@example.org,809-803-6788x1278,1989-03-15
464,Christine Smith,brittanysmith@example.net,288.544.3448x123,1974-05-14
465,Charles Stephenson,josephgibbs@example.net,338.610.5955,1952-10-30
466,Logan Nguyen,garrettalex@example.com,642.540.8916,1994-10-30
467,Derrick Perkins,omoore@example.net,001-965-427-1727x2239,1973-01-12
468,Christopher Thompson,mmcdaniel@example.org,(216)337-6182,1986-01-28
469,Brian Smith,andersonkayla@example.com,(490)901-8513,1995-02-13
470,Elizabeth Mendoza,brianholt@example.net,+1-810-401-8418,1934-10-24
471,Allison Simmons,michaelmitchell@example.net,(717)321-3145x1951,1940-07-18
472,Cassandra Moreno,erinhernandez@example.net,+1-749-445-1475x41022,1987-10-22
473,Robert Bray,wilsonronald@example.net,821-752-2655x767,1953-06-17
474,Martha Sanchez,idunn@example.net,788.236.1968x9313,1962-04-25
475,Alicia Grant DVM,brownmichael@example.org,272-886-3330x2126,1985-03-26
476,Brian Perkins,kmonroe@example.org,(452)413-1096,1998-08-01
477,Nicole Hale,theodore57@example.net,001-804-812-0092x820,1996-06-23
478,Sandra Ellison,jenna62@example.com,886-423-6903,1945-02-26
479,Julie Edwards,kwilcox@example.org,(663)441-1159x503,1949-02-19
480,Kyle Avila,jacob30@example.org,219-790-9700x514,1973-01-30
481,Kathryn Edwards,iswanson@example.net,+1-615-468-1820x96790,1955-04-09
482,Angela Garrett,nicoleaguirre@example.net,(728)689-8572,1983-09-08
483,Teresa Williams,nallen@example.net,329-971-0248,1947-06-16
484,Christopher Phillips,ramirezmichael@example.org,927-247-4721,1984-02-12
485,Jennifer Vincent,scotthunt@example.net,351-668-7409x03802,1985-10-18
486,James Jones,qsawyer@example.org,(877)787-1121x663,1943-06-03
487,Zachary Tucker,dwilson@example.org,+1-827-223-5909,1983-11-05
488,Veronica Lewis,mirandacisneros@example.net,(544)621-2146x14768,1959-09-13
489,Anna Valenzuela,tabitha42@example.org,(567)378-2659x608,1954-04-30
490,William Mcmillan,alexis72@example.com,816-448-0727x91033,1986-01-12
491,Daniel Lee,woodmichael@example.com,381-477-6655x8685,1997-02-03
492,Christopher Larson,qjames@example.net,+1-364-991-1110x96179,2003-02-26
493,Amanda Roberts,xlewis@example.com,+1-861-237-1576,1985-08-20
494,Katie Adams,kyle63@example.org,(800)502-5895x52963,1988-03-05
495,Rebecca Lane,sheilamyers@example.net,(365)882-6312,1970-01-24
496,Caitlin Morris,davissamuel@example.net,001-592-509-8196x02752,1975-01-22
497,Ryan Barber,qtownsend@example.org,612-609-1179x112,1959-03-26
498,Johnny Ward,peterhenry@example.org,(217)313-6657x22402,1981-04-21
499,Karen Mendez DDS,aimeescott@example.org,790.380.8823,1964-03-05
500,Charles Miller,josepholson@example.org,(684)877-6863x423,1948-08-25
